employee_id,first_name,last_name,gender,date_of_birth,marital_status,email,phone_number,home_address,job_title,department,employment_status,hire_date,employment_type,work_location,salary,bank_details,health_plan,promotions
EMP-1,Gaile,Benion,Male,16-12-1970,Married,gaile.benion@company.com,(525) 9871309,2 Bluestem Place,Business Systems Development Analyst,Engineering,Active,20-06-2002,Contract,Head Office,3580,17-422-1627,Point of Service,Promoted
EMP-2,Tamas,Jaouen,Male,28-01-1973,Married,tamas.jaouen@company.com,(360) 7633276,2 Waywood Junction,Media Manager I,Human Resources,On Leave,08-04-2009,Permanent,Head Office,3600,94-466-8068,Medicare,Promoted
EMP-3,Leonidas,Jorez,Male,28-09-2012,Married,leonidas.jorez@company.com,(714) 2211581,3545 Burrows Circle,Assistant Media Planner,Engineering,Active,22-11-1998,Contract,Branch,6602,37-790-5781,Medicare,Unchanged
EMP-4,Bonita,Martlew,Female,02-06-1989,Married,bonita.martlew@company.com,(422) 8634610,922 Melody Road,Environmental Tech,Business Development,On Leave,08-12-1996,Permanent,Site,2691,47-127-8741,Preferred Provider Organization,Promoted
EMP-5,Giffer,Ludovico,Male,28-11-2020,Married,giffer.ludovico@company.com,(457) 1262664,349 Thierer Drive,Senior Editor,Support,Active,05-05-2021,Permanent,Branch,3534,14-975-5107,Health Maintenance Organization,Unchanged
EMP-6,Archaimbaud,Kitcher,Male,08-11-1984,Married,archaimbaud.kitcher@company.com,(218) 2221207,09 Reindahl Road,VP Product Management,Engineering,On Leave,09-01-2004,Permanent,Branch,2976,15-284-4617,High Deductible Health Plan,Unchanged
EMP-7,Zachary,Poulsom,Male,23-09-1984,Divorced,zachary.poulsom@company.com,(765) 7546535,51 Crownhardt Hill,Professor,Product Management,Active,26-05-2000,Contract,Head Office,2607,79-102-6959,Health Maintenance Organization,Unchanged
EMP-8,Claudius,Serrell,Male,16-05-1978,Married,claudius.serrell@company.com,(255) 9138485,9 Merchant Pass,Environmental Tech,Human Resources,Active,17-10-2023,Casual,Branch,2119,31-775-1145,Medicare,Demoted
EMP-9,Byrann,Antonijevic,Male,20-02-1993,Married,byrann.antonijevic@company.com,(426) 9806954,22 Hudson Place,VP Marketing,Sales,Terminated,23-03-2003,Permanent,Site,1936,64-701-5949,Health Maintenance Organization,Unchanged
EMP-10,Eduardo,Goodchild,Male,24-04-2003,Married,eduardo.goodchild@company.com,(807) 1479538,6 Mosinee Hill,Systems Administrator IV,Marketing,Active,18-06-1997,Permanent,Branch,2506,07-848-7027,Point of Service,Unchanged
EMP-11,Peadar,Lorenzo,Male,15-03-1988,Divorced,peadar.lorenzo@company.com,(726) 2723609,7467 Park Meadow Street,Programmer Analyst IV,Engineering,Active,22-02-2006,Permanent,Head Office,6677,46-441-1281,Medicare,Promoted
EMP-12,Eula,Goldspink,Female,09-09-2012,Married,eula.goldspink@company.com,(192) 2088753,15 Hovde Hill,Geological Engineer,Marketing,On Leave,29-06-2005,Permanent,Site,5659,66-455-8921,Point of Service,Unchanged
EMP-13,Ferdy,Cremin,Male,02-01-2011,Single,ferdy.cremin@company.com,(167) 9351329,2975 Waxwing Junction,Senior Quality Engineer,Business Development,Active,16-07-2005,Permanent,Branch,3633,56-092-8872,Point of Service,Promoted
EMP-14,Arthur,Couling,Male,26-07-2018,Married,arthur.couling@company.com,(728) 6607161,831 Fremont Park,Chief Design Engineer,Support,Active,07-02-1999,Permanent,Branch,4207,48-661-4804,Medicare,Promoted
EMP-15,Nettie,Kille,Female,25-12-2022,Married,nettie.kille@company.com,(722) 1623891,24 Fuller Drive,Sales Representative,Training,Active,22-05-2010,Permanent,Branch,5776,22-905-9056,Point of Service,Unchanged
EMP-16,Angelika,Parfrey,Female,16-03-2008,Divorced,angelika.parfrey@company.com,(394) 5752237,2 Golf View Place,Help Desk Operator,Engineering,Active,11-05-2009,Contract,Site,2882,05-700-5795,Exclusive Provider Organization,Unchanged
EMP-17,Imelda,Greenin,Female,01-08-2002,Married,imelda.greenin@company.com,(992) 2744812,508 Pine View Circle,Teacher,Training,Active,28-11-2006,Contract,Head Office,3501,20-704-0568,Exclusive Provider Organization,Promoted
EMP-18,Kit,Nucciotti,Female,25-05-2005,Married,kit.nucciotti@company.com,(409) 7441218,12394 Tomscot Park,Nurse Practicioner,Marketing,Resigned,23-03-2020,Contract,Head Office,1372,65-382-4422,High Deductible Health Plan,Promoted
EMP-19,Homerus,Prue,Male,17-02-1972,Single,homerus.prue@company.com,(578) 5273327,68498 Randy Trail,Safety Technician III,Support,Active,16-12-2006,Contract,Terminal,3076,78-808-9511,Medicare,Demoted
EMP-20,Hobey,Northcliffe,Male,24-01-1973,Married,hobey.northcliffe@company.com,(142) 8826328,48522 Dayton Drive,Human Resources Manager,Business Development,Active,21-06-1999,Permanent,Head Office,1904,60-897-6710,Health Maintenance Organization,Unchanged
EMP-21,Cletus,Winkle,Male,02-11-1988,Married,cletus.winkle@company.com,(217) 9269742,7727 Eastwood Street,Biostatistician III,Sales,Active,02-02-1993,Permanent,Head Office,5783,79-053-0039,Point of Service,Promoted
EMP-22,Sylvan,Malham,Male,09-10-1990,Married,sylvan.malham@company.com,(616) 7022288,33022 Maple Wood Trail,Environmental Tech,Engineering,Resigned,01-02-2007,Contract,Terminal,2193,01-487-2515,Point of Service,Promoted
EMP-23,Antonie,Bisco,Female,01-06-2013,Married,antonie.bisco@company.com,(827) 1317484,793 Burning Wood Parkway,Financial Analyst,Business Development,Active,23-07-2003,Permanent,Head Office,5794,13-448-9809,Medicare,Promoted
EMP-24,Kenton,Arnaudet,Male,11-05-1993,Single,kenton.arnaudet@company.com,(196) 9765059,19160 Ohio Avenue,Account Representative IV,Human Resources,Active,13-03-2010,Contract,Head Office,2748,35-735-9945,Point of Service,Unchanged
EMP-25,Conway,Sapp,Male,09-12-1972,Married,conway.sapp@company.com,(621) 2953605,808 Bultman Trail,Product Engineer,Sales,Active,03-09-1995,Permanent,Branch,3801,06-240-7858,Medicare,Unchanged
EMP-26,Garwin,Pinkney,Male,30-12-2009,Single,garwin.pinkney@company.com,(829) 3501963,019 Colorado Court,VP Product Management,Marketing,Active,31-10-2008,Permanent,Terminal,6172,73-069-6281,Medicare,Unchanged
EMP-27,Freda,Lawday,Female,11-04-2016,Married,freda.lawday@company.com,(743) 5046727,10400 Stang Road,Information Systems Manager,Support,Resigned,27-05-2018,Permanent,Head Office,4388,36-995-3591,Exclusive Provider Organization,Unchanged
EMP-28,Dionis,Ellwell,Female,24-02-2003,Single,dionis.ellwell@company.com,(958) 7743235,4 Cordelia Terrace,Software Consultant,Legal,On Leave,11-04-2014,Contract,Head Office,3106,75-383-3760,Point of Service,Unchanged
EMP-29,Ashley,Grinikhin,Male,26-05-1978,Married,ashley.grinikhin@company.com,(137) 9212860,4 Utah Way,VP Accounting,Human Resources,Resigned,06-04-2000,Permanent,Branch,3232,46-726-0163,Medicare,Promoted
EMP-30,Christian,Ocklin,Male,03-03-2004,Married,christian.ocklin@company.com,(970) 3169640,7 Oneill Crossing,Engineer I,Research and Development,Active,22-11-2006,Permanent,Site,3762,93-509-5153,Exclusive Provider Organization,Unchanged
EMP-31,Johnathon,Wakely,Male,07-12-2005,Divorced,johnathon.wakely@company.com,(422) 9033832,1779 Sunfield Hill,GIS Technical Architect,Sales,On Leave,01-07-2013,Permanent,Branch,4853,05-867-8696,Health Maintenance Organization,Unchanged
EMP-32,Gauthier,Scranny,Male,18-09-1992,Married,gauthier.scranny@company.com,(199) 8788549,22 Packers Lane,Pharmacist,Support,Active,12-01-2004,Permanent,Terminal,2780,44-954-5335,Health Maintenance Organization,Unchanged
EMP-33,Linnet,Craythorne,Female,18-02-2023,Married,linnet.craythorne@company.com,(159) 9400153,42 Steensland Circle,Quality Engineer,Research and Development,Active,04-01-1998,Casual,Branch,5820,55-609-7891,Medicare,Unchanged
EMP-34,Kliment,Grabiec,Male,02-06-2015,Single,kliment.grabiec@company.com,(426) 6341729,587 Lake View Road,Help Desk Operator,Accounting,Active,15-10-2009,Permanent,Head Office,6637,58-892-7737,Health Maintenance Organization,Promoted
EMP-35,Roi,Bray,Male,19-03-1985,Single,roi.bray@company.com,(111) 6999897,1 American Ash Junction,Mechanical Systems Engineer,Research and Development,On Leave,04-01-2013,Casual,Head Office,3304,37-792-9833,Medicare,Unchanged
EMP-36,Woodie,Maitland,Male,01-07-1981,Married,woodie.maitland@company.com,(628) 9708920,4 Mesta Trail,Programmer III,Research and Development,Active,08-11-2022,Permanent,Branch,4003,84-934-6755,High Deductible Health Plan,Unchanged
EMP-37,Thor,Tiler,Male,09-06-1989,Married,thor.tiler@company.com,(591) 6164394,28 Walton Place,Account Coordinator,Support,Active,23-03-2022,Contract,Branch,4192,92-783-2654,Medicare,Unchanged
EMP-38,Blane,Endacott,Male,11-01-2018,Married,blane.endacott@company.com,(101) 4181145,6193 Old Gate Center,Account Coordinator,Services,On Leave,12-05-2020,Contract,Terminal,6795,18-459-5095,Point of Service,Unchanged
EMP-39,Noreen,Selvey,Female,08-02-2022,Married,noreen.selvey@company.com,(938) 8610064,7 Doe Crossing Drive,Recruiting Manager,Services,Active,12-02-2024,Permanent,Head Office,4202,00-144-0337,Medicare,Unchanged
EMP-40,Curtis,Cottie,Male,07-04-2024,Single,curtis.cottie@company.com,(826) 6722583,2671 Waxwing Drive,Cost Accountant,Product Management,Resigned,08-12-2001,Permanent,Branch,6574,52-721-8268,Point of Service,Unchanged
EMP-41,Kory,Morston,Male,29-04-1975,Married,kory.morston@company.com,(690) 3859240,33 Golf Way,Mechanical Systems Engineer,Product Management,Active,14-08-2023,Contract,Branch,2378,58-597-1220,High Deductible Health Plan,Promoted
EMP-42,Duky,Otridge,Male,24-07-2010,Single,duky.otridge@company.com,(479) 3407743,2130 Ilene Parkway,General Manager,Training,Terminated,31-10-2018,Contract,Terminal,2630,48-274-8171,Health Maintenance Organization,Promoted
EMP-43,Petronilla,Meakin,Female,22-06-1973,Single,petronilla.meakin@company.com,(279) 7123121,96 Grayhawk Alley,Research Assistant I,Training,Terminated,08-12-1992,Permanent,Head Office,6897,23-704-0170,Medicare,Unchanged
EMP-44,Malcolm,Springate,Male,04-07-2004,Married,malcolm.springate@company.com,(975) 3755125,30 Sage Junction,Office Assistant III,Product Management,Active,13-05-2024,Permanent,Site,3591,47-256-5498,Medicare,Unchanged
EMP-45,Fernande,Dinsell,Female,03-09-2004,Married,fernande.dinsell@company.com,(968) 1018794,635 Barnett Alley,Associate Professor,Accounting,Active,29-01-1995,Permanent,Branch,4596,55-041-3151,Health Maintenance Organization,Unchanged
EMP-46,Hyacinth,Kliesl,Female,28-08-1988,Married,hyacinth.kliesl@company.com,(273) 5756611,88 Brickson Park Circle,Civil Engineer,Support,Active,21-06-2009,Contract,Terminal,6436,50-022-8901,Health Maintenance Organization,Unchanged
EMP-47,Dianemarie,Garrie,Female,29-05-2021,Married,dianemarie.garrie@company.com,(225) 5911718,148 Gerald Pass,Dental Hygienist,Support,Active,10-02-2009,Contract,Site,3329,40-330-7312,Medicare,Unchanged
EMP-48,Vickie,Habbijam,Female,09-02-1970,Married,vickie.habbijam@company.com,(609) 9715894,3158 Brown Avenue,Executive Secretary,Human Resources,Terminated,22-07-2008,Permanent,Head Office,2075,97-572-9104,High Deductible Health Plan,Unchanged
EMP-49,Roddie,Smeaton,Male,15-11-2014,Single,roddie.smeaton@company.com,(778) 3496051,6 Shoshone Trail,Senior Cost Accountant,Human Resources,Resigned,01-05-1994,Permanent,Terminal,5149,57-211-7210,Point of Service,Unchanged
EMP-50,Skippy,Mattheus,Male,26-03-1999,Divorced,skippy.mattheus@company.com,(131) 1465312,79 Blue Bill Park Terrace,Speech Pathologist,Research and Development,Active,17-08-2005,Casual,Head Office,2909,70-058-5757,Exclusive Provider Organization,Unchanged
EMP-51,Milty,Seymer,Male,02-02-2020,Married,milty.seymer@company.com,(401) 8884928,0231 Roth Avenue,Computer Systems Analyst III,Product Management,Active,12-09-1993,Permanent,Site,4162,50-322-3851,Exclusive Provider Organization,Promoted
EMP-52,Maurise,Gerrad,Male,17-01-1983,Married,maurise.gerrad@company.com,(668) 5183132,973 Butternut Pass,Pharmacist,Human Resources,Active,27-05-2020,Permanent,Head Office,5810,01-283-1765,Exclusive Provider Organization,Demoted
EMP-53,Raphael,Werner,Male,28-06-2015,Married,raphael.werner@company.com,(203) 3844889,6204 Debs Drive,Senior Sales Associate,Business Development,Active,13-03-2022,Permanent,Head Office,3179,22-115-0290,Health Maintenance Organization,Unchanged
EMP-54,Rabi,MacRedmond,Male,20-01-1996,Married,rabi.macredmond@company.com,(195) 1069595,656 Johnson Center,Staff Scientist,Support,Active,20-04-2019,Casual,Site,5415,98-641-3885,Medicare,Unchanged
EMP-55,Kandace,Strooband,Female,09-07-1995,Married,kandace.strooband@company.com,(348) 5608101,10006 Donald Parkway,Recruiting Manager,Training,Resigned,06-02-2000,Contract,Terminal,4725,60-927-0066,Preferred Provider Organization,Unchanged
EMP-56,Curt,Kubasiewicz,Male,03-09-1976,Married,curt.kubasiewicz@company.com,(885) 5193483,85482 Valley Edge Parkway,Human Resources Manager,Marketing,Resigned,18-07-1995,Contract,Terminal,6029,38-027-6569,High Deductible Health Plan,Unchanged
EMP-57,Meagan,Brownsmith,Female,18-05-2019,Married,meagan.brownsmith@company.com,(475) 6593828,9 Elgar Road,Developer II,Product Management,Active,04-03-2015,Contract,Head Office,2837,60-930-2449,Medicare,Unchanged
EMP-58,Codee,Skiplorne,Female,11-05-2011,Married,codee.skiplorne@company.com,(974) 9515892,075 4th Parkway,Software Consultant,Research and Development,Active,02-10-2012,Contract,Site,6381,16-629-8025,Medicare,Promoted
EMP-59,Davis,Robatham,Male,19-02-1988,Married,davis.robatham@company.com,(795) 1181748,5 Esch Plaza,Account Representative III,Research and Development,On Leave,21-09-1995,Permanent,Head Office,2154,80-699-8081,Medicare,Demoted
EMP-60,Tuck,Simchenko,Male,20-02-2002,Single,tuck.simchenko@company.com,(668) 8754386,253 Pennsylvania Terrace,Web Designer IV,Sales,Active,05-07-1993,Permanent,Head Office,5348,54-550-4923,Health Maintenance Organization,Unchanged
EMP-61,Patricia,Lowdwell,Female,27-04-1999,Married,patricia.lowdwell@company.com,(425) 2128539,4 Dapin Plaza,Statistician III,Training,Active,20-09-2012,Contract,Branch,3650,07-671-8602,Health Maintenance Organization,Promoted
EMP-62,Mireille,Defau,Female,16-03-2005,Married,mireille.defau@company.com,(568) 4565369,123 Stone Corner Point,Tax Accountant,Accounting,Active,04-01-2021,Casual,Terminal,3181,88-861-2526,Health Maintenance Organization,Promoted
EMP-63,Lynett,Stopps,Female,20-07-2016,Married,lynett.stopps@company.com,(907) 8015575,129 Derek Avenue,VP Sales,Accounting,On Leave,28-06-1994,Permanent,Head Office,5146,44-497-6940,High Deductible Health Plan,Promoted
EMP-64,Laurent,Hegel,Male,02-11-2000,Married,laurent.hegel@company.com,(711) 2592850,65 Johnson Circle,Product Engineer,Product Management,Active,07-06-2011,Permanent,Branch,6633,61-519-0829,Exclusive Provider Organization,Unchanged
EMP-65,Gibbie,Cassidy,Male,18-08-1996,Married,gibbie.cassidy@company.com,(130) 5691762,02 Scott Trail,Payment Adjustment Coordinator,Sales,Active,17-03-2014,Permanent,Site,1277,31-334-3005,High Deductible Health Plan,Promoted
EMP-66,Ashla,McCooke,Female,10-03-2012,Married,ashla.mccooke@company.com,(765) 4846223,4877 Basil Center,Senior Developer,Legal,Active,15-08-2001,Permanent,Terminal,6345,59-055-6079,Medicare,Promoted
EMP-67,Frants,Swanne,Male,17-06-2014,Married,frants.swanne@company.com,(116) 3425051,2 Memorial Point,Account Representative II,Legal,Resigned,21-10-2008,Permanent,Terminal,1363,68-764-4495,Point of Service,Unchanged
EMP-68,Kalina,Rusk,Female,03-09-2020,Single,kalina.rusk@company.com,(216) 8706482,3210 Towne Center,GIS Technical Architect,Research and Development,Active,18-05-2016,Contract,Head Office,6721,27-361-9472,Exclusive Provider Organization,Promoted
EMP-69,Woodie,Edwinson,Male,14-10-2009,Married,woodie.edwinson@company.com,(320) 8815354,49 Vahlen Circle,Chief Design Engineer,Training,Active,14-06-2008,Permanent,Branch,1214,05-379-5256,Preferred Provider Organization,Unchanged
EMP-70,Urson,Teresi,Male,02-02-1972,Married,urson.teresi@company.com,(982) 2714377,0 Hintze Road,Administrative Assistant IV,Support,Resigned,17-04-1998,Permanent,Branch,4592,33-154-8757,Exclusive Provider Organization,Unchanged
EMP-71,Lovell,Hellings,Male,14-12-2002,Married,lovell.hellings@company.com,(654) 4849206,399 Lawn Point,Speech Pathologist,Human Resources,Active,15-11-2023,Casual,Terminal,6655,70-231-0638,Preferred Provider Organization,Unchanged
EMP-72,Abe,Wickstead,Male,01-12-2006,Married,abe.wickstead@company.com,(892) 7840108,2961 Nobel Place,Senior Developer,Support,On Leave,25-06-2014,Permanent,Head Office,1729,14-675-4136,Exclusive Provider Organization,Promoted
EMP-73,Alanah,Wheelan,Female,31-07-1983,Married,alanah.wheelan@company.com,(357) 3065091,93330 Blaine Crossing,Human Resources Manager,Services,On Leave,11-03-2012,Permanent,Head Office,5546,29-975-3270,Medicare,Unchanged
EMP-74,Mabelle,Ratchford,Female,31-05-1992,Married,mabelle.ratchford@company.com,(186) 3034288,34876 Chive Hill,Biostatistician II,Business Development,Active,09-04-2018,Contract,Branch,2623,39-518-7733,Medicare,Unchanged
EMP-75,Raleigh,Jesson,Male,01-03-2011,Married,raleigh.jesson@company.com,(987) 6214254,6374 Badeau Pass,Account Representative III,Marketing,On Leave,29-07-2005,Permanent,Site,4883,48-783-3524,Preferred Provider Organization,Demoted
EMP-76,Aldridge,D'Antonio,Male,12-05-1987,Married,aldridge.d'antonio@company.com,(179) 9521835,5175 Bartelt Street,Data Coordinator,Services,Active,03-07-1999,Contract,Site,3297,74-558-0313,Medicare,Promoted
EMP-77,Marcos,Kingshott,Male,23-11-1986,Married,marcos.kingshott@company.com,(553) 6136735,265 Almo Street,Systems Administrator II,Sales,On Leave,08-02-2007,Casual,Head Office,1591,08-595-7560,Exclusive Provider Organization,Promoted
EMP-78,Claire,Kingaby,Male,12-08-1970,Married,claire.kingaby@company.com,(569) 8878935,33 Summerview Pass,Statistician II,Accounting,Terminated,28-02-2019,Contract,Site,5989,94-036-8838,Medicare,Unchanged
EMP-79,Garwin,Henrichsen,Male,12-08-2000,Married,garwin.henrichsen@company.com,(303) 1303286,07054 5th Street,Biostatistician IV,Research and Development,Active,18-08-2000,Permanent,Terminal,3147,94-338-6174,Point of Service,Demoted
EMP-80,Rory,Rumke,Male,21-01-1997,Married,rory.rumke@company.com,(617) 1074646,2 Mallory Way,Physical Therapy Assistant,Support,Active,09-01-2004,Permanent,Terminal,6579,99-536-3603,Medicare,Unchanged
EMP-81,Norby,Hannigane,Male,05-09-1993,Married,norby.hannigane@company.com,(706) 1652227,434 Nelson Trail,Human Resources Manager,Accounting,Active,13-07-1997,Permanent,Head Office,2303,55-083-3860,High Deductible Health Plan,Unchanged
EMP-82,Forster,Fray,Male,12-10-1997,Single,forster.fray@company.com,(325) 2629300,16283 Delaware Center,Physical Therapy Assistant,Engineering,Active,16-04-2002,Permanent,Head Office,6196,78-926-1407,Exclusive Provider Organization,Promoted
EMP-83,Vail,Dumsday,Male,18-09-2013,Married,vail.dumsday@company.com,(340) 5128527,2 Melby Hill,Technical Writer,Marketing,Active,08-08-1994,Permanent,Site,1203,07-324-5554,Medicare,Unchanged
EMP-84,Tonia,Stallion,Female,11-12-1999,Single,tonia.stallion@company.com,(464) 6573101,128 Jay Trail,Account Coordinator,Engineering,Active,13-02-2014,Permanent,Terminal,4751,86-650-4999,Medicare,Promoted
EMP-85,Lorettalorna,Matuszynski,Female,16-10-1986,Single,lorettalorna.matuszynski@company.com,(917) 3954458,33 Eastwood Pass,Payment Adjustment Coordinator,Marketing,Active,19-01-1992,Contract,Site,6076,80-037-9494,Point of Service,Promoted
EMP-86,Tymon,Stot,Male,01-10-2022,Married,tymon.stot@company.com,(615) 8210489,8 David Drive,Engineer IV,Marketing,Terminated,30-08-2017,Contract,Head Office,6092,62-899-2614,Exclusive Provider Organization,Unchanged
EMP-87,Jarrad,Bemwell,Male,10-11-2002,Married,jarrad.bemwell@company.com,(904) 8106811,6 Birchwood Pass,Operator,Services,On Leave,01-11-2008,Permanent,Head Office,3727,45-956-8156,Point of Service,Unchanged
EMP-88,Sammie,Eliasson,Male,15-07-2012,Married,sammie.eliasson@company.com,(960) 6488838,9 Hoepker Road,Biostatistician IV,Training,Active,13-11-1999,Permanent,Head Office,1443,49-323-1293,Point of Service,Promoted
EMP-89,Oriana,Binham,Female,17-06-2021,Married,oriana.binham@company.com,(787) 5601399,0 Clyde Gallagher Circle,VP Accounting,Marketing,On Leave,12-06-2016,Contract,Head Office,6176,05-591-1561,Medicare,Unchanged
EMP-90,Lester,Dovinson,Male,15-06-1992,Married,lester.dovinson@company.com,(236) 6901740,6 Main Hill,Product Engineer,Research and Development,On Leave,18-02-2006,Contract,Branch,1246,40-309-6318,Medicare,Promoted
EMP-91,Ingemar,Forty,Male,10-12-2001,Married,ingemar.forty@company.com,(406) 6058162,6 Memorial Plaza,Office Assistant III,Legal,Active,01-03-2002,Contract,Branch,5147,84-132-0086,High Deductible Health Plan,Unchanged
EMP-92,Adolphus,Smithers,Male,08-01-1972,Married,adolphus.smithers@company.com,(866) 7711665,60925 Clove Lane,Mechanical Systems Engineer,Human Resources,Terminated,03-12-2014,Contract,Head Office,6536,73-116-5699,Medicare,Unchanged
EMP-93,Petrina,Wyrill,Female,16-04-1995,Single,petrina.wyrill@company.com,(978) 8570921,957 Gina Center,Technical Writer,Legal,Active,11-02-2012,Permanent,Site,5018,32-296-7569,High Deductible Health Plan,Unchanged
EMP-94,Torr,Nobles,Male,25-12-1982,Married,torr.nobles@company.com,(218) 3134708,476 Kinsman Pass,Food Chemist,Engineering,On Leave,28-12-1997,Contract,Site,4822,20-963-3258,Medicare,Promoted
EMP-95,Danika,Carding,Female,13-04-2011,Married,danika.carding@company.com,(485) 1345492,310 Schiller Place,Teacher,Human Resources,Active,03-02-2007,Contract,Terminal,1229,93-341-3564,Medicare,Unchanged
EMP-96,Honey,Sygrove,Female,04-03-1998,Single,honey.sygrove@company.com,(666) 9869971,42 7th Hill,Civil Engineer,Business Development,On Leave,19-06-2009,Contract,Terminal,6732,70-145-7878,Medicare,Unchanged
EMP-97,Gino,Normadell,Male,07-10-1970,Married,gino.normadell@company.com,(709) 6647819,1732 Farragut Drive,Librarian,Business Development,Active,30-04-1998,Contract,Head Office,1812,29-368-1322,Exclusive Provider Organization,Demoted
EMP-98,Dunc,Aymer,Male,19-09-1971,Married,dunc.aymer@company.com,(124) 3154155,8 Macpherson Street,Software Consultant,Services,Active,30-03-2000,Permanent,Head Office,2866,88-738-9182,Medicare,Unchanged
EMP-99,Ramonda,Fehners,Female,15-10-2016,Divorced,ramonda.fehners@company.com,(708) 7789238,9331 Bunker Hill Pass,Structural Analysis Engineer,Services,Active,06-05-1995,Permanent,Site,3101,84-996-4899,Medicare,Unchanged
EMP-100,Franzen,Leeuwerink,Male,06-11-1974,Married,franzen.leeuwerink@company.com,(264) 1469574,6 Kensington Place,Environmental Tech,Accounting,Active,01-03-1993,Permanent,Head Office,4844,69-056-8449,Medicare,Unchanged
EMP-101,Algernon,Mordie,Male,27-03-2015,Married,algernon.mordie@company.com,(121) 6292251,94848 Lakewood Parkway,Marketing Manager,Human Resources,Active,28-10-2023,Contract,Branch,2251,96-964-0631,Point of Service,Demoted
EMP-102,Laurel,Ternott,Female,04-03-2010,Single,laurel.ternott@company.com,(581) 8118983,38 Russell Junction,VP Sales,Engineering,On Leave,30-04-2001,Permanent,Branch,4105,49-803-8663,Medicare,Unchanged
EMP-103,Phyllys,Arthars,Female,12-10-1980,Single,phyllys.arthars@company.com,(726) 1115824,1 Southridge Way,Senior Cost Accountant,Legal,Active,15-08-2010,Permanent,Head Office,5966,18-212-2328,Medicare,Unchanged
EMP-104,Berenice,Roussel,Female,15-03-2021,Married,berenice.roussel@company.com,(323) 5371301,97 Schiller Place,Tax Accountant,Human Resources,Active,20-07-2020,Permanent,Terminal,4032,57-023-7258,Exclusive Provider Organization,Unchanged
EMP-105,Krysta,Marciek,Female,29-09-1987,Single,krysta.marciek@company.com,(608) 9715779,79 Mcbride Court,Recruiter,Sales,Resigned,30-09-1996,Permanent,Site,3710,27-411-1502,Point of Service,Promoted
EMP-106,Nataniel,Hearons,Male,13-03-2000,Married,nataniel.hearons@company.com,(294) 8149977,93593 Farmco Lane,Safety Technician II,Marketing,Active,27-12-2001,Contract,Site,4859,67-575-6455,Medicare,Unchanged
EMP-107,Zaria,Peebles,Female,07-03-1983,Single,zaria.peebles@company.com,(611) 2381967,0 Dawn Circle,Food Chemist,Product Management,Active,25-11-1997,Permanent,Head Office,1649,03-811-1677,Exclusive Provider Organization,Promoted
EMP-108,Lynnett,Gentil,Female,28-09-1996,Married,lynnett.gentil@company.com,(732) 4402165,80 School Crossing,Information Systems Manager,Research and Development,Active,04-12-2000,Permanent,Site,6552,22-521-7968,Point of Service,Unchanged
EMP-109,Ardisj,Shorte,Female,20-08-1981,Single,ardisj.shorte@company.com,(803) 9516198,11441 Monterey Pass,Occupational Therapist,Support,Active,07-12-2024,Permanent,Site,1200,74-689-7832,Exclusive Provider Organization,Promoted
EMP-110,Farra,Oswal,Female,11-11-2017,Married,farra.oswal@company.com,(983) 8094550,7819 Maple Wood Terrace,Senior Sales Associate,Support,Active,01-07-2011,Permanent,Branch,4573,71-332-9980,Exclusive Provider Organization,Demoted
EMP-111,Brier,Underhill,Female,26-07-2011,Married,brier.underhill@company.com,(154) 2789399,729 Artisan Junction,Web Designer II,Product Management,Active,03-08-2002,Contract,Branch,3253,51-605-0335,Health Maintenance Organization,Promoted
EMP-112,Sven,Jeffreys,Male,22-10-1987,Married,sven.jeffreys@company.com,(920) 7910756,4 Lakeland Lane,Electrical Engineer,Services,Terminated,01-07-2010,Contract,Branch,2249,72-620-5999,Exclusive Provider Organization,Promoted
EMP-113,Mavra,Snashall,Female,15-02-1998,Married,mavra.snashall@company.com,(123) 3926234,96775 Straubel Junction,Legal Assistant,Marketing,On Leave,08-01-2017,Permanent,Head Office,1210,71-417-0723,Medicare,Promoted
EMP-114,Fanny,Firmage,Female,27-11-2013,Married,fanny.firmage@company.com,(402) 5114928,2053 Fremont Crossing,Nuclear Power Engineer,Engineering,Active,22-03-2019,Permanent,Terminal,6493,47-824-0598,High Deductible Health Plan,Promoted
EMP-115,Corney,Goodere,Male,08-12-2005,Single,corney.goodere@company.com,(891) 8170732,1533 Nova Parkway,Research Associate,Training,On Leave,05-07-2006,Permanent,Head Office,6781,85-219-6019,High Deductible Health Plan,Promoted
EMP-116,Pia,Ferrier,Female,29-04-1979,Single,pia.ferrier@company.com,(619) 3048586,0 Twin Pines Point,Senior Sales Associate,Support,Resigned,03-05-2014,Permanent,Head Office,6848,68-216-0876,Point of Service,Unchanged
EMP-117,Salvatore,Zimmermeister,Male,22-03-2007,Married,salvatore.zimmermeister@company.com,(578) 7850545,713 Walton Alley,Staff Accountant I,Research and Development,Active,27-05-2024,Contract,Head Office,3598,55-338-7509,Medicare,Demoted
EMP-118,Lolita,Karolowski,Female,25-10-2014,Single,lolita.karolowski@company.com,(298) 4522213,5 Mockingbird Crossing,Assistant Media Planner,Product Management,Resigned,16-03-1999,Permanent,Terminal,3248,86-267-0629,Medicare,Unchanged
EMP-119,Bar,Bouller,Male,16-12-1985,Married,bar.bouller@company.com,(699) 9315514,84 Darwin Park,Geological Engineer,Product Management,Active,19-07-2018,Permanent,Branch,1269,54-052-0245,Medicare,Unchanged
EMP-120,Estell,Stovell,Female,23-11-2023,Married,estell.stovell@company.com,(649) 9605487,05 Arrowood Drive,VP Sales,Accounting,Active,25-04-2009,Casual,Site,4704,56-970-8725,Health Maintenance Organization,Demoted
EMP-121,Trev,Wiggett,Male,19-03-1988,Single,trev.wiggett@company.com,(766) 4132986,5 Lighthouse Bay Hill,Occupational Therapist,Engineering,Resigned,03-07-2001,Permanent,Head Office,3190,14-532-4716,Medicare,Promoted
EMP-122,Evangelina,Moth,Female,06-07-2015,Single,evangelina.moth@company.com,(246) 4943191,21 Mcguire Point,Statistician III,Business Development,Active,10-06-2024,Contract,Branch,4929,40-801-5866,Medicare,Promoted
EMP-123,Patton,Harland,Male,21-06-2014,Married,patton.harland@company.com,(385) 4210256,0 Carberry Park,Registered Nurse,Research and Development,Active,21-03-2002,Permanent,Branch,3748,02-070-4196,Health Maintenance Organization,Promoted
EMP-124,Isaak,Dudeney,Male,19-03-2010,Married,isaak.dudeney@company.com,(805) 1516343,79 Lakewood Gardens Parkway,Software Test Engineer III,Support,Active,02-09-1999,Permanent,Head Office,4581,87-807-8452,Point of Service,Unchanged
EMP-125,Marcille,Layfield,Female,07-08-1998,Married,marcille.layfield@company.com,(794) 2965271,5 Cambridge Place,Account Coordinator,Support,Resigned,16-06-1997,Permanent,Branch,6271,42-877-3612,Medicare,Unchanged
EMP-126,Elihu,Stitwell,Male,26-12-2009,Single,elihu.stitwell@company.com,(356) 7560462,266 Milwaukee Way,Biostatistician I,Engineering,On Leave,30-12-2022,Contract,Branch,2228,99-755-0293,Point of Service,Unchanged
EMP-127,Juanita,Lewcock,Female,18-09-2000,Married,juanita.lewcock@company.com,(191) 2900351,78229 Utah Lane,Structural Analysis Engineer,Training,Resigned,12-12-2018,Contract,Site,5947,65-554-0406,Exclusive Provider Organization,Unchanged
EMP-128,Wilhelmina,Larrington,Female,02-06-2023,Single,wilhelmina.larrington@company.com,(215) 4816119,9252 Dayton Trail,Librarian,Research and Development,Active,12-02-2006,Permanent,Branch,5088,54-366-2402,Medicare,Promoted
EMP-129,Trish,Greger,Female,18-07-2010,Single,trish.greger@company.com,(205) 1728363,473 Thompson Pass,Account Executive,Accounting,Resigned,23-02-2009,Contract,Terminal,2280,59-727-8022,Medicare,Unchanged
EMP-130,Buddie,Abad,Male,20-06-1987,Single,buddie.abad@company.com,(601) 1975811,0822 Doe Crossing Court,Cost Accountant,Services,Active,05-04-2006,Permanent,Terminal,4019,10-990-0296,Exclusive Provider Organization,Unchanged
EMP-131,Venus,Barnett,Female,14-05-2024,Married,venus.barnett@company.com,(174) 9711983,8 Autumn Leaf Court,Analog Circuit Design manager,Accounting,Active,08-01-2012,Contract,Head Office,1408,33-553-3663,Medicare,Promoted
EMP-132,Zilvia,Kmietsch,Female,26-01-1992,Single,zilvia.kmietsch@company.com,(874) 8195520,98 Superior Circle,Food Chemist,Sales,Active,19-07-2001,Contract,Terminal,1793,08-987-4269,High Deductible Health Plan,Unchanged
EMP-133,Devonne,McAne,Female,10-09-1988,Married,devonne.mcane@company.com,(815) 1356241,2781 Hoard Court,Nurse Practicioner,Product Management,On Leave,07-05-1996,Casual,Head Office,4657,14-916-7532,Medicare,Unchanged
EMP-134,Worden,Oseman,Male,26-09-1983,Married,worden.oseman@company.com,(299) 2642629,753 Mockingbird Junction,Senior Financial Analyst,Research and Development,Active,04-03-2003,Casual,Branch,2024,80-839-6690,Point of Service,Promoted
EMP-135,Mercedes,Backhurst,Female,14-04-1983,Married,mercedes.backhurst@company.com,(607) 4557559,3574 Eagan Junction,Human Resources Manager,Product Management,Active,15-06-2014,Casual,Terminal,1949,80-728-7226,Health Maintenance Organization,Unchanged
EMP-136,Dodi,Stebbin,Female,16-11-2016,Single,dodi.stebbin@company.com,(586) 9991073,152 Gerald Lane,Help Desk Operator,Engineering,On Leave,31-10-2021,Permanent,Branch,6672,56-804-1157,Preferred Provider Organization,Unchanged
EMP-137,Karine,Hearnshaw,Female,16-02-1990,Married,karine.hearnshaw@company.com,(783) 4355632,198 Havey Trail,Biostatistician I,Marketing,Active,25-05-2011,Permanent,Head Office,3359,48-251-7198,Medicare,Promoted
EMP-138,Tilly,Wager,Female,20-10-1999,Married,tilly.wager@company.com,(829) 7511253,3 Memorial Park,Senior Developer,Marketing,On Leave,30-05-2015,Contract,Terminal,6627,67-106-5208,Medicare,Promoted
EMP-139,Janelle,Delea,Female,28-12-2014,Married,janelle.delea@company.com,(270) 8084078,54 Derek Circle,Assistant Professor,Legal,Active,10-12-1999,Permanent,Head Office,4233,95-195-7598,Point of Service,Promoted
EMP-140,Alie,Nabbs,Female,24-05-2009,Married,alie.nabbs@company.com,(104) 5295495,4 Summer Ridge Junction,Health Coach III,Business Development,On Leave,12-02-1993,Permanent,Branch,3984,94-875-4208,High Deductible Health Plan,Unchanged
EMP-141,Shannen,Wisniewski,Female,17-01-2002,Married,shannen.wisniewski@company.com,(220) 2170820,263 Marcy Alley,Media Manager I,Sales,Active,07-02-2016,Contract,Branch,6800,59-647-7616,Exclusive Provider Organization,Promoted
EMP-142,Ethelind,Jiggins,Female,28-02-2018,Married,ethelind.jiggins@company.com,(698) 2026355,3609 Service Place,Assistant Media Planner,Services,Active,06-01-2014,Contract,Head Office,6620,97-820-9634,Medicare,Promoted
EMP-143,Codi,Poulsum,Male,14-12-2004,Married,codi.poulsum@company.com,(739) 8562724,0489 Acker Pass,Administrative Officer,Business Development,On Leave,21-01-2010,Contract,Head Office,3735,15-061-6910,Point of Service,Promoted
EMP-144,Gibb,Penvarden,Male,05-02-2003,Single,gibb.penvarden@company.com,(732) 1747312,6 Bartillon Drive,Assistant Media Planner,Accounting,Active,09-07-2010,Permanent,Head Office,6605,48-545-7722,Health Maintenance Organization,Promoted
EMP-145,Cassandra,Warrack,Female,10-07-2023,Married,cassandra.warrack@company.com,(192) 6289224,59 Hayes Street,Editor,Human Resources,Resigned,23-05-2017,Permanent,Site,4231,98-370-0096,Health Maintenance Organization,Unchanged
EMP-146,Brigida,Pales,Female,08-10-1970,Married,brigida.pales@company.com,(533) 7366608,115 Warbler Center,Office Assistant I,Training,Active,31-12-2010,Permanent,Branch,3936,43-464-8680,Point of Service,Unchanged
EMP-147,Rosalynd,Renak,Female,11-12-1995,Single,rosalynd.renak@company.com,(267) 3827973,083 Columbus Lane,Staff Scientist,Research and Development,Active,29-12-2005,Permanent,Site,4989,29-214-3026,Medicare,Unchanged
EMP-148,Carl,Hawkswell,Male,27-11-2001,Married,carl.hawkswell@company.com,(140) 9302641,8 Havey Terrace,Financial Analyst,Product Management,Active,08-02-2024,Permanent,Head Office,6990,36-921-2306,Medicare,Promoted
EMP-149,Denver,Gajewski,Male,20-12-2006,Married,denver.gajewski@company.com,(568) 4192451,1704 Debra Way,Nurse,Human Resources,Active,19-03-2008,Contract,Branch,5996,68-981-3120,Exclusive Provider Organization,Promoted
EMP-150,Brendin,Wing,Male,08-03-2011,Married,brendin.wing@company.com,(877) 9387153,67 Manitowish Court,GIS Technical Architect,Accounting,On Leave,31-08-2015,Permanent,Head Office,5552,79-363-0797,Medicare,Promoted
EMP-151,Yard,Huntriss,Male,17-03-1998,Married,yard.huntriss@company.com,(668) 2717425,84164 Anzinger Pass,Nurse Practicioner,Sales,On Leave,18-04-2014,Casual,Head Office,4922,02-726-2012,Point of Service,Promoted
EMP-152,Brinn,Handford,Female,03-07-1972,Single,brinn.handford@company.com,(997) 7531204,64039 Algoma Center,Social Worker,Sales,Active,16-04-1992,Permanent,Branch,5223,73-605-1327,Point of Service,Promoted
EMP-153,Allyce,Snary,Female,18-10-2016,Married,allyce.snary@company.com,(797) 1727749,397 Forster Alley,Sales Associate,Business Development,On Leave,26-08-1997,Contract,Site,1378,47-942-9261,Medicare,Promoted
EMP-154,Leone,Saggs,Female,20-10-1981,Single,leone.saggs@company.com,(154) 8712494,97014 Springs Park,Associate Professor,Engineering,Active,21-03-2005,Contract,Terminal,6709,85-914-2848,Point of Service,Unchanged
EMP-155,Myrle,Shewring,Female,19-03-1992,Married,myrle.shewring@company.com,(739) 2753362,115 Pleasure Park,Nuclear Power Engineer,Support,Active,28-01-2024,Contract,Site,1933,20-287-6223,Health Maintenance Organization,Promoted
EMP-156,Hortensia,Yes,Female,13-02-1984,Married,hortensia.yes@company.com,(944) 3603834,5160 Almo Place,Nurse Practicioner,Services,Active,26-07-1998,Contract,Site,5908,36-070-6405,Point of Service,Unchanged
EMP-157,Morissa,Baress,Female,02-04-1976,Single,morissa.baress@company.com,(944) 7509255,92292 Reindahl Hill,Analyst Programmer,Sales,Active,13-09-2005,Casual,Head Office,6547,14-700-1839,Medicare,Demoted
EMP-158,Arly,Givens,Female,10-04-1973,Married,arly.givens@company.com,(135) 3303497,36893 Dayton Parkway,Senior Developer,Business Development,Active,31-03-2012,Permanent,Head Office,2603,17-249-1958,Medicare,Unchanged
EMP-159,Dalt,Ginity,Male,23-05-1998,Single,dalt.ginity@company.com,(827) 7143653,53364 Huxley Place,Financial Analyst,Human Resources,Active,16-06-2021,Permanent,Head Office,3089,96-714-3290,Health Maintenance Organization,Promoted
EMP-160,Patrica,Fozard,Female,10-05-1985,Married,patrica.fozard@company.com,(941) 9547221,4 Welch Place,Media Manager IV,Human Resources,Resigned,19-03-2018,Permanent,Head Office,4543,40-350-9561,Health Maintenance Organization,Unchanged
EMP-161,Barclay,Fulkes,Male,06-06-1970,Married,barclay.fulkes@company.com,(556) 7388754,062 Goodland Plaza,Recruiting Manager,Legal,Active,13-11-2005,Permanent,Terminal,4430,84-548-1904,Health Maintenance Organization,Unchanged
EMP-162,Emily,Jenoure,Female,20-04-1979,Single,emily.jenoure@company.com,(604) 5434182,00975 Fulton Junction,Database Administrator I,Marketing,On Leave,11-06-2008,Permanent,Head Office,1879,53-129-1091,Health Maintenance Organization,Promoted
EMP-163,Stafford,Gutteridge,Male,04-06-1997,Married,stafford.gutteridge@company.com,(586) 8966437,56356 Hintze Alley,Staff Accountant I,Product Management,Active,14-05-1993,Casual,Site,3017,43-427-4537,Medicare,Unchanged
EMP-164,Gearalt,Kermannes,Male,24-11-1988,Married,gearalt.kermannes@company.com,(842) 9558078,871 Schmedeman Trail,Sales Associate,Engineering,Active,05-05-2002,Permanent,Site,5195,48-937-9524,Preferred Provider Organization,Unchanged
EMP-165,Elfrieda,Chippendale,Female,31-10-2008,Single,elfrieda.chippendale@company.com,(946) 2178768,75 Bunker Hill Circle,Help Desk Technician,Research and Development,Active,19-11-2014,Permanent,Branch,5214,23-890-8389,Exclusive Provider Organization,Unchanged
EMP-166,Karlyn,Pimlock,Female,25-05-2020,Single,karlyn.pimlock@company.com,(787) 2104592,6340 Lukken Circle,Assistant Media Planner,Services,Active,09-05-2007,Contract,Head Office,2470,79-944-8057,Exclusive Provider Organization,Unchanged
EMP-167,Tommie,Mighele,Male,25-04-2012,Married,tommie.mighele@company.com,(740) 8768116,474 Mandrake Road,Research Associate,Accounting,Resigned,27-04-2018,Permanent,Branch,1822,82-922-4742,Point of Service,Unchanged
EMP-168,Jerome,Pineaux,Male,10-12-2019,Married,jerome.pineaux@company.com,(766) 8633063,2146 Parkside Trail,Geological Engineer,Accounting,Active,29-01-2015,Casual,Site,4767,79-044-5964,Exclusive Provider Organization,Unchanged
EMP-169,Vernor,Androletti,Male,03-12-1980,Married,vernor.androletti@company.com,(746) 5332644,7 Raven Trail,Executive Secretary,Human Resources,Active,16-04-2009,Permanent,Head Office,3397,95-464-0056,Exclusive Provider Organization,Promoted
EMP-170,Olin,Hacking,Male,31-01-1992,Married,olin.hacking@company.com,(969) 5466439,09457 Dorton Junction,Associate Professor,Training,Active,05-05-1994,Permanent,Branch,5126,84-373-2020,Exclusive Provider Organization,Unchanged
EMP-171,Holmes,Howels,Male,23-10-1984,Married,holmes.howels@company.com,(671) 5437221,1675 Butterfield Park,Business Systems Development Analyst,Accounting,On Leave,22-03-1994,Contract,Terminal,4613,97-180-1084,Exclusive Provider Organization,Unchanged
EMP-172,Theobald,Plumbley,Male,01-04-2020,Married,theobald.plumbley@company.com,(922) 6251994,2802 Fairfield Circle,Safety Technician II,Sales,Active,29-12-2018,Contract,Terminal,2931,28-080-5969,Point of Service,Promoted
EMP-173,Nicola,Tooby,Female,29-01-2011,Married,nicola.tooby@company.com,(670) 3092077,8781 Buhler Center,Food Chemist,Services,On Leave,08-10-2006,Contract,Terminal,4766,71-737-8009,Point of Service,Unchanged
EMP-174,Serge,Matitiaho,Male,14-11-2024,Single,serge.matitiaho@company.com,(969) 1593845,03295 Fisk Pass,Budget/Accounting Analyst I,Marketing,On Leave,02-03-1998,Permanent,Head Office,4696,51-172-7248,High Deductible Health Plan,Unchanged
EMP-175,Lavena,Sutter,Female,18-12-2022,Married,lavena.sutter@company.com,(433) 2169617,31 Transport Place,Legal Assistant,Research and Development,Active,08-05-2005,Permanent,Branch,4674,61-086-4216,Medicare,Promoted
EMP-176,Alfreda,Haggard,Female,04-04-1989,Single,alfreda.haggard@company.com,(595) 2238001,7 Sunfield Junction,VP Sales,Marketing,Active,29-12-1996,Permanent,Site,6312,79-447-0772,Exclusive Provider Organization,Unchanged
EMP-177,Cyndy,Fudger,Female,12-08-1975,Married,cyndy.fudger@company.com,(274) 7653538,67 Lerdahl Avenue,Human Resources Manager,Human Resources,Active,03-09-1998,Contract,Site,2290,77-968-9596,High Deductible Health Plan,Demoted
EMP-178,Jodi,Umpleby,Male,19-02-2005,Married,jodi.umpleby@company.com,(603) 5685977,4 Del Mar Point,Cost Accountant,Product Management,On Leave,04-03-2015,Permanent,Terminal,2793,75-515-3044,Point of Service,Unchanged
EMP-179,Flossy,Trownson,Female,25-03-2016,Single,flossy.trownson@company.com,(779) 5431379,06724 Mcguire Plaza,Marketing Assistant,Human Resources,Active,07-11-2016,Permanent,Head Office,2884,53-884-6424,Medicare,Unchanged
EMP-180,Addia,Giannasi,Female,15-12-1995,Married,addia.giannasi@company.com,(708) 8446065,6 Harbort Park,Engineer I,Accounting,Active,01-12-1993,Contract,Head Office,4090,74-280-2541,Point of Service,Unchanged
